PCa_b,trpnmax,Gncx_b,Tref,perm50,nperm,TRPN_n,dr,wfrac,TOT_A,ktm_unblock,ca50,mu,maxI_up,maxTrpn,g_CaL,Tref,perm50,nperm,TRPN_n,dr,wfrac,TOT_A,phi,ca50,mu,CV_ventricles,k_FEC,CV_atria,k_BB,AV_delay,Rsys,Rpulm,Aol,kArt,a_ventricles,bt_ventricles,a_atria,bf_atria,bt_atria,k_peri,p_shift_diastasis,EDP_rv,a_lvrv,Tref_lvrv
0.000153905,0.122142,0.00134024,189.281,0.279325,2.95711,2.13423,0.1459,0.73942,18.0604,0.0222029,0.858999,3.76984,0.00392176,0.0381187,0.166722,88.8328,0.478832,6.74808,1.09152,0.206303,0.329224,16.7504,1.52749,1.14821,9.13909,0.580662,2.93919,0.823678,3.56621,187,2.58392,2.14999,300.963,9.89999,0.861585,4.46299,2.47469,8.58137,3.88153,0.00163149,5.37553,6.18239,1.62971,0.532398
0.000106197,0.0971387,0.00109789,176.706,0.450071,2.93879,2.92249,0.17504,0.288955,35.7541,0.0311112,0.514191,2.78501,0.00544544,0.0845783,0.113755,117.568,0.375332,4.80106,2.31601,0.346312,0.641041,18.7745,1.22902,0.885925,9.03162,0.737182,2.27521,1.02206,3.02024,168,1.19588,3.58365,326.724,6.65582,0.753897,2.47975,1.89164,8.46425,4.20751,0.00143417,8.35279,7.19977,1.38272,0.531629
0.000145554,0.0729482,0.00222879,153.947,0.262872,2.94144,2.15412,0.249029,0.602822,28.7438,0.0244404,0.674413,3.09095,0.00639885,0.0936946,0.115254,103.298,0.434896,6.55926,1.27805,0.332077,0.330835,12.9758,1.34885,0.88408,12.0191,0.427793,8.00072,0.911564,4.48775,137,3.90416,3.19438,330.929,7.98304,1.31572,2.36705,1.97658,5.24655,2.58736,0.000687983,3.74932,7.22186,1.26298,0.811498
9.24E-05,0.0743187,0.00122031,139.411,0.195759,2.94652,2.79466,0.134931,0.633747,25.4347,0.0268644,0.630562,2.06928,0.00688673,0.100451,0.159036,113.764,0.46056,6.58098,1.24475,0.318947,0.591149,32.4736,3.13842,1.11833,6.97035,0.613018,3.37168,0.980311,3.76447,163,1.00166,2.80358,383.15,8.265,1.30341,2.92956,2.47648,7.41331,2.21301,0.00148013,7.2128,3.1114,1.95274,0.887341
0.000116418,0.105088,0.001327,171.098,0.26271,3.03344,2.74316,0.224883,0.503923,32.9004,0.0275101,0.641919,2.48276,0.00796507,0.0862915,0.130293,109.785,0.439908,5.90655,1.15591,0.262259,0.445261,34.0869,3.05025,1.27574,4.80506,0.707546,2.60018,0.967577,3.28313,153,2.29987,1.53538,307.293,7.66398,0.560745,3.09133,1.63551,7.84332,4.14088,0.0011336,8.55608,6.29236,1.18866,0.901884
0.000149348,0.113821,0.00192103,168.918,0.219529,2.25217,2.78715,0.159528,0.692662,20.7513,0.0251718,0.62132,3.82907,0.00555827,0.0918155,0.110186,93.0172,0.198877,2.81272,2.81271,0.206155,0.410606,33.1089,3.12619,0.960206,11.3944,0.625862,3.2257,0.815845,5.61645,192,2.40358,2.12731,352.419,8.73335,0.722942,2.44729,1.55506,6.96055,3.96243,0.000710787,5.99084,3.5203,1.87134,0.631437
0.000142199,0.0953106,0.0015662,163.003,0.372156,2.75177,2.61335,0.267788,0.614936,19.7918,0.0249548,0.579228,3.41793,0.00539482,0.0919924,0.167774,88.9095,0.345848,3.77494,2.67831,0.166344,0.321532,28.477,1.979,1.00271,5.89264,0.657812,2.38456,0.872203,3.0541,145,3.73936,3.52822,475.555,8.62571,1.04361,4.10623,2.46877,7.42519,2.78141,0.00149417,5.76141,3.13316,1.5555,0.814736
0.000127656,0.0774578,0.00192906,170.615,0.252143,2.50302,2.82415,0.209961,0.485509,18.8611,0.0260286,0.497022,2.48772,0.00605672,0.101146,0.180656,106.776,0.499017,5.52374,1.30873,0.338582,0.695757,30.5345,2.60348,1.08513,10.0294,0.608757,3.58495,0.973074,2.96332,128,2.21938,1.5679,327.117,6.29341,1.18954,3.03605,2.08767,7.91474,3.7395,0.00130619,4.90623,5.30555,1.53275,0.695099
0.000144217,0.0907307,0.00193681,158.821,0.301676,2.26433,2.84417,0.175681,0.689929,19.6307,0.0206254,0.518801,4.23875,0.00782303,0.0938199,0.13231,90.2691,0.351942,5.50831,1.54661,0.244359,0.720792,27.1485,1.68013,1.26407,7.49722,0.504351,3.07129,0.882142,5.35983,129,2.99799,1.83924,329.024,8.95184,1.00577,2.16953,1.98205,5.06174,3.87957,0.00183996,5.4889,5.41862,1.28307,0.643766
0.000149625,0.0979071,0.00169402,158.432,0.419001,3.00265,2.70153,0.143175,0.56492,26.7013,0.0222331,0.429766,3.36679,0.00588078,0.094185,0.182843,103.843,0.460431,5.06504,1.6168,0.131636,0.33247,25.3608,2.9884,1.11605,10.5769,0.620579,2.32964,0.908115,5.12259,139,3.46971,3.17496,401.861,8.57402,0.914566,2.77827,1.72622,7.16564,4.17365,0.00147165,5.32812,5.03875,1.46199,0.724917
6.37E-05,0.0951361,0.000980136,144.806,0.290393,2.84199,2.50343,0.165132,0.562036,24.5755,0.0301464,0.471623,3.46208,0.00698004,0.0743492,0.12239,97.5129,0.275399,2.63533,2.82412,0.164843,0.438827,31.299,1.50971,1.23003,4.66785,0.41001,5.01721,0.762187,4.84587,142,1.8743,2.76954,361.611,8.65748,1.36559,3.90558,2.33101,6.50269,2.71803,0.00127419,4.33779,7.7916,1.87297,0.707528
0.000142072,0.0825538,0.00158911,194.08,0.432549,2.41077,2.69546,0.306907,0.597845,26.5012,0.0257107,0.558669,3.71968,0.00642841,0.0936926,0.0933142,83.0128,0.333777,4.60192,2.33811,0.176736,0.279478,24.9215,1.89243,0.714802,7.48647,0.510556,4.34299,0.8335,4.06182,156,1.8595,1.08606,311.911,6.90845,1.36526,4.38093,2.39542,4.49798,4.2075,0.00189945,8.20996,6.02626,1.69244,0.85824
0.000116627,0.0982863,0.0015229,183.437,0.350414,2.19059,2.50905,0.130916,0.522908,18.283,0.0180438,0.619724,2.73372,0.00612631,0.0806305,0.111313,86.0541,0.328995,6.10348,1.74603,0.326617,0.393975,14.4539,1.59335,1.04991,9.90341,0.482963,6.33919,0.950617,3.67572,192,1.25338,1.16127,377.077,9.36343,0.801262,3.01109,2.34654,4.15121,2.18609,0.00101436,3.75834,7.17639,1.59906,0.509871
0.000119756,0.0684959,0.00177241,195.63,0.343993,2.48701,2.36035,0.163433,0.364814,17.482,0.0289124,0.521434,3.12118,0.00681071,0.0690304,0.109627,106.81,0.41147,6.53151,1.25378,0.130547,0.445071,34.5855,1.46066,1.20408,11.4651,0.751663,2.31319,0.896006,4.71412,192,2.79419,2.46574,378.123,9.60634,0.784826,2.15337,1.70374,11.7786,3.30928,0.00114862,3.71176,5.91861,1.13878,0.789432
0.000130697,0.12181,0.00192009,172.029,0.32048,2.84765,2.77217,0.189145,0.465204,25.4408,0.0282729,0.457961,4.46958,0.00604495,0.0808902,0.107126,110.806,0.295272,3.74679,1.91189,0.329736,0.639988,34.5299,2.71441,1.0931,12.2896,0.514785,5.23219,0.846237,5.23961,137,1.24814,2.41052,475.888,6.75781,0.914197,3.72741,2.26906,11.6178,3.11755,0.000677235,4.82167,5.60173,1.4909,0.880859
0.000128239,0.0712352,0.00187366,168.753,0.261555,2.52413,2.91372,0.284508,0.69926,23.8607,0.0223131,0.538672,3.47943,0.00458639,0.0555874,0.11547,94.3925,0.406496,3.71635,1.44564,0.208632,0.713178,16.6128,2.7483,1.04409,10.0781,0.578265,3.87586,0.975495,4.30052,162,2.32431,1.45054,328.131,6.47554,0.848863,1.88146,2.41859,8.07815,3.10788,0.00138828,6.05313,4.30055,1.90369,0.701172
0.000134293,0.0745036,0.00196009,159.039,0.315052,2.99223,2.9024,0.287404,0.658716,21.7119,0.0289086,0.439155,4.4638,0.00479989,0.0485352,0.121992,87.9262,0.468925,3.19477,1.83148,0.190144,0.480353,33.0781,2.37446,0.989742,10.3908,0.595965,3.54385,0.842116,4.33423,105,2.84039,2.10478,340.062,7.10859,0.576756,3.66699,2.10615,9.05946,2.73714,0.00186899,6.55699,6.45266,1.84209,0.510072
0.000120769,0.119126,0.00148436,178.573,0.3431,2.75434,2.78708,0.205941,0.69083,33.9928,0.0225478,0.568535,3.42587,0.00776612,0.0776966,0.137547,81.5608,0.446306,2.56228,2.14514,0.232898,0.410323,28.4473,2.30087,1.21676,13.376,0.743328,1.76235,0.932311,2.29051,185,2.89212,3.21014,428.476,8.55933,0.729294,2.97735,1.75093,11.7045,2.30568,0.00185082,7.84408,4.14827,1.43315,0.83423
7.13E-05,0.0963882,0.00106989,183.2,0.367218,2.38524,2.4768,0.25793,0.526548,23.2281,0.0287989,0.524945,3.98004,0.00713188,0.0918662,0.142871,106.799,0.445355,3.86949,1.64837,0.19838,0.267223,25.5644,3.05016,1.19228,12.5234,0.389718,8.34304,1.00814,3.76328,162,1.2405,2.66253,409.211,9.37975,1.09286,2.57545,1.6528,11.4465,3.96203,0.000867555,7.81071,3.81362,1.41424,0.594503
0.000115302,0.0799319,0.00180205,181.624,0.317602,2.62289,2.5286,0.265863,0.434959,12.7471,0.0261053,0.535773,4.06003,0.00397749,0.053538,0.122339,102.862,0.519439,6.10594,1.17481,0.268256,0.35084,30.2754,2.38334,0.778669,11.8789,0.507578,3.08181,0.880332,3.15234,182,2.20694,1.55744,303.684,8.22063,0.886087,3.80655,1.80724,8.19967,4.25627,0.000850273,4.9573,6.09575,1.04839,0.705635
0.000149479,0.0863922,0.00150313,182.746,0.419728,2.48218,2.62477,0.179259,0.37252,29.4225,0.0308533,0.600128,2.9017,0.00571253,0.098423,0.155274,89.7069,0.478492,3.71717,2.48201,0.349011,0.717067,31.1349,1.58392,0.816212,6.56281,0.770397,1.46088,0.911819,5.38835,176,3.34147,2.30907,330.964,6.09558,0.735061,3.3093,1.51595,6.90964,1.63938,0.00146164,7.9254,7.15811,1.95164,0.583987
0.000125752,0.0925589,0.00136366,189.934,0.234255,2.69761,2.71818,0.197482,0.610743,26.2239,0.0309273,0.680082,1.96369,0.00656106,0.0882787,0.171965,103.518,0.424925,6.89116,1.64778,0.327627,0.470066,34.4932,1.8018,1.23796,5.29953,0.44644,6.89257,0.891866,2.91893,146,2.3683,3.04262,354.761,6.87143,0.858666,1.94289,2.15762,10.6067,3.64749,0.0013628,7.03117,3.81092,1.97098,0.642462
0.000121002,0.0848753,0.00124981,182.755,0.225885,2.4808,2.75893,0.270185,0.31637,19.3714,0.0291438,0.807809,3.72295,0.00414237,0.0579457,0.18091,83.6373,0.432487,4.98776,1.59988,0.24812,0.314021,22.2751,3.22576,1.12574,9.25654,0.433989,7.50268,0.839855,4.43066,118,2.57443,3.49191,400.109,8.41191,1.16288,4.21816,1.70852,10.7558,3.47622,0.00131312,3.01083,3.48797,1.52217,0.886399
0.000123616,0.0752361,0.00162027,170.275,0.25419,2.68666,2.2703,0.224465,0.617025,29.9161,0.0221442,0.643767,3.27706,0.00581515,0.0874872,0.193292,85.697,0.388865,3.16079,2.5775,0.223152,0.572767,20.8034,2.64865,1.27711,9.98017,0.731436,1.54645,0.989627,4.25467,111,2.47975,1.13459,421.627,7.99603,0.526624,3.04575,1.50857,7.303,3.0496,0.00126833,7.33165,6.30555,1.25646,0.857259
0.000144074,0.119932,0.00096815,189.727,0.334917,2.40637,2.70219,0.19045,0.396375,15.207,0.0290592,0.812159,2.99128,0.00316054,0.0470677,0.151444,89.6267,0.459475,5.74124,1.67549,0.265581,0.510475,14.4781,1.51102,0.890358,9.8855,0.387643,6.19834,0.959204,4.40681,195,1.12252,3.49445,355.739,9.88418,0.763963,4.44276,1.66142,4.03117,3.80794,0.00190274,6.25042,3.59171,1.31396,0.700794
9.92E-05,0.101011,0.00150999,159.602,0.268925,2.29634,2.77658,0.170673,0.574232,23.9509,0.0297703,0.521756,2.40507,0.00583705,0.0883125,0.118029,104.786,0.303787,2.86839,2.29277,0.254753,0.462634,13.8598,2.11085,1.09654,11.5327,0.561768,3.14884,0.99944,2.26091,130,2.03894,3.05958,460.892,8.53871,1.19723,2.80208,2.01223,4.69933,2.21024,0.000942959,4.08992,7.64516,1.69578,0.549181
0.000150286,0.0954046,0.00236797,152.699,0.294377,2.90596,2.35614,0.186909,0.589411,14.126,0.0292367,0.526219,1.64395,0.00599302,0.0990885,0.141521,89.993,0.394492,3.26127,2.30314,0.259647,0.48737,34.7,2.59717,0.97077,6.34352,0.429402,7.31557,0.840316,4.55152,174,1.0668,1.88634,334.554,6.48155,0.905537,2.96171,2.47687,9.75316,3.86066,0.000789934,4.44359,6.41465,1.30381,0.930118
0.000137837,0.0818886,0.00161835,183.292,0.214725,2.33696,2.82963,0.18624,0.303751,16.1528,0.0162235,0.68683,4.08545,0.00764446,0.0861483,0.118889,111.331,0.432123,5.33614,1.29199,0.206813,0.746106,20.6931,1.99038,1.2479,7.14833,0.506279,5.08397,0.824913,4.63594,147,3.12641,2.26764,406.099,9.86682,1.26459,1.83749,2.39913,8.5212,3.77318,0.00174952,7.20015,4.41096,1.51824,0.514273
0.000146656,0.0747378,0.00206052,134.249,0.240544,2.79571,2.95371,0.263981,0.61402,21.5185,0.0296326,0.558448,3.61673,0.00471272,0.0709314,0.177504,104.394,0.499282,5.89401,1.09861,0.209579,0.570072,18.4136,2.00564,1.07012,7.61426,0.463169,4.23279,0.847361,3.83813,146,3.90742,1.45939,394.688,6.74266,1.33529,4.20999,2.42615,9.71225,3.67357,0.00130864,7.67398,7.97067,1.20496,0.5687
0.000152535,0.0663527,0.00227009,190.699,0.389324,2.69688,2.88028,0.215806,0.310545,21.0221,0.0153505,0.57551,2.36955,0.00354563,0.0421721,0.146526,86.4032,0.519985,6.0591,1.10118,0.150344,0.62268,16.4202,2.37165,1.00524,4.68887,0.544679,4.03413,0.853234,3.66005,186,2.99558,3.11845,380.409,7.63517,0.833874,4.47534,2.22254,10.4292,3.10945,0.00132442,8.9012,5.58821,1.68539,0.517434
0.000153496,0.0877276,0.00179445,176.137,0.274316,2.27804,2.65367,0.182144,0.437849,26.131,0.0169562,0.658535,2.50706,0.00598621,0.095175,0.167847,97.6671,0.423126,4.90475,1.53443,0.185857,0.683659,15.4623,2.94065,1.16354,10.2659,0.504525,4.37983,0.935691,2.88774,165,1.91592,2.70388,307.529,6.42328,0.970113,1.79341,1.54476,10.9709,3.0773,0.00127122,8.65227,4.63371,1.54629,0.5376
9.98E-05,0.0880006,0.00121491,138.172,0.206329,2.61525,2.40723,0.132433,0.687457,17.7139,0.029827,0.668585,3.22485,0.00581791,0.0744134,0.0939236,97.8019,0.252831,2.70592,2.8281,0.163793,0.560226,22.089,1.98054,0.951792,9.44699,0.72164,1.50544,1.00227,5.58026,142,3.2916,2.65238,442.709,9.99285,1.12748,3.0386,1.92494,7.1696,1.70987,0.00108373,8.49328,3.03087,1.9928,0.974816
9.80E-05,0.0736962,0.00140091,131.616,0.260368,2.88474,2.76818,0.132916,0.555128,33.0906,0.0293511,0.463238,3.29077,0.006092,0.0871378,0.15225,108.941,0.41906,3.13589,2.65719,0.257664,0.383689,30.8729,1.95277,1.08972,12.5849,0.462148,7.13291,0.925631,2.30044,198,3.54008,2.64368,340.397,7.90991,0.541059,2.06382,1.50421,8.27349,2.27175,0.00120715,6.09687,5.36329,1.63431,0.561334
0.000106887,0.0832343,0.00168844,199.5,0.232057,2.15915,2.64705,0.27607,0.489,16.5075,0.0258228,0.635384,3.32927,0.00750762,0.0820801,0.120183,104.354,0.488594,6.27255,1.08282,0.191453,0.595644,21.5789,1.34415,1.06158,8.62305,0.481886,3.32163,0.876593,4.85286,125,2.00978,1.42118,498.343,7.40099,0.914543,4.31996,2.05711,9.75354,1.69768,0.000797596,7.53837,7.51639,1.11198,0.65493
0.000136831,0.0768368,0.00199521,136.352,0.318982,2.65075,2.9531,0.137297,0.419359,28.0805,0.0235684,0.443714,3.23141,0.00630317,0.0803228,0.137605,92.3608,0.452671,4.70182,1.37811,0.276198,0.585389,19.5542,3.03505,1.2556,12.9674,0.676919,2.28357,1.01672,3.82732,136,2.3503,2.37508,339.584,6.912,0.831214,3.11998,1.8172,11.9567,3.49023,0.00197049,6.98166,4.45841,1.75299,0.795893
0.000121738,0.109609,0.00125084,186.472,0.326409,2.88627,2.45782,0.177607,0.450678,24.9459,0.0260382,0.626223,2.15289,0.0066748,0.092658,0.151755,115.439,0.515009,3.42013,1.51359,0.181702,0.52243,31.8451,1.9336,1.14802,12.7147,0.628387,2.58204,0.872204,4.40507,145,2.31667,3.49689,301.482,9.76652,0.608617,2.69219,2.23481,8.55054,2.98451,0.00176428,8.8405,5.89971,1.79642,0.752297
0.000132224,0.0725551,0.00168411,153.231,0.282334,2.47993,2.35906,0.225386,0.688506,22.215,0.0296596,0.606469,3.35561,0.00512086,0.0631448,0.121719,82.4525,0.421219,5.30285,1.82393,0.211891,0.407757,15.3468,2.67144,0.928478,9.76335,0.667032,2.90357,0.923253,5.18611,197,1.02243,2.52015,462.144,9.31503,0.721791,2.35288,1.62757,7.03544,2.69859,0.00110772,7.88505,6.14831,1.97788,0.958902
0.000144619,0.0934654,0.00149071,192.816,0.428283,2.91502,2.34091,0.173502,0.558912,28.874,0.0146287,0.55335,3.52332,0.00735256,0.0934395,0.108078,115.638,0.468674,5.87254,1.20228,0.211375,0.282722,15.5848,3.30571,1.0186,13.2957,0.397559,7.50239,0.964487,4.52787,183,3.89817,2.75677,456.472,8.4772,1.04205,1.67087,1.81498,8.03064,3.36041,0.000694606,6.5479,7.14464,1.40639,0.82136
0.00014005,0.113006,0.00140075,145.901,0.201668,2.40895,2.63866,0.243785,0.701819,25.514,0.028879,0.772037,4.41759,0.00720764,0.0773019,0.168296,84.4457,0.484279,5.703,1.5945,0.168004,0.619074,14.3,2.42106,1.21377,6.95999,0.487215,4.28098,0.883787,3.32277,130,3.86051,1.61863,480.922,8.39398,0.617466,2.96823,2.41119,11.3132,2.31074,0.00100168,6.0954,5.00127,1.679,0.872427
0.000147991,0.08928,0.00175611,167.418,0.428595,2.92106,2.91068,0.164933,0.410266,18.8283,0.0305432,0.467911,1.89365,0.00315366,0.0358952,0.109712,105.45,0.300339,4.03575,2.07211,0.274751,0.449029,23.4893,2.2059,1.19486,12.8057,0.458118,5.45363,0.873875,4.965,141,1.76584,2.64943,314.408,6.41822,0.983514,4.31647,1.77937,7.50323,2.63207,0.00113415,5.79075,5.6595,1.4896,0.946482
0.000133795,0.0848775,0.00214615,157.863,0.196649,2.556,2.56582,0.154223,0.39605,30.7556,0.0222705,0.556719,3.33088,0.00629389,0.069383,0.124527,91.5913,0.410854,3.56251,1.53947,0.14747,0.288617,27.0826,1.6374,1.16381,10.9864,0.525536,3.97775,0.98626,4.27586,164,3.59373,2.05656,453.682,8.61294,0.876495,3.90665,2.08711,8.07517,3.66161,0.00081233,7.65044,5.69195,1.72266,0.9952
0.000129853,0.109557,0.00144746,142.388,0.218116,2.64469,2.8158,0.147989,0.522792,16.0542,0.0278663,0.638105,2.84978,0.00657635,0.0939009,0.17478,86.7441,0.456347,5.23044,1.27098,0.304896,0.453346,23.0416,1.67551,1.12052,8.70898,0.695875,2.14451,0.937368,3.65342,164,1.16781,2.9543,329.731,9.21365,0.535652,3.06497,1.87497,4.2398,3.71882,0.000622275,3.12912,3.16188,1.6401,0.99408
0.00012764,0.085856,0.00138731,139.061,0.182085,2.79331,2.93624,0.13893,0.616447,18.3039,0.0222302,0.634774,3.66258,0.00402053,0.058543,0.157321,114.872,0.357731,2.8101,2.97159,0.223841,0.731555,23.8665,1.38798,1.09988,10.7571,0.619437,3.26095,0.827742,4.43738,106,1.09155,2.62264,397.887,8.80653,1.04638,1.95463,1.81603,8.01594,3.59531,0.000825966,6.9744,5.18667,1.88476,0.737331
0.000146638,0.0766044,0.00214537,145.703,0.326136,2.59034,2.77327,0.182672,0.39351,26.1984,0.0230183,0.453421,2.86257,0.00598431,0.103251,0.195594,113.56,0.445018,4.09893,1.61753,0.203331,0.689058,22.8128,1.98232,1.17168,10.0576,0.472597,4.86077,0.975983,2.2777,114,3.01624,3.32625,460.419,7.26687,0.551905,2.54465,2.22086,7.35489,1.86964,0.0013498,5.57437,3.17415,1.86669,0.590613
0.000127897,0.0892069,0.00153655,137.152,0.289095,2.99056,2.89229,0.188601,0.495236,12.6888,0.0200354,0.473047,3.43457,0.007237,0.0826231,0.126203,95.5034,0.453672,3.23533,1.44936,0.265525,0.281841,31.8559,1.87472,1.27734,11.4298,0.430697,7.17228,0.995649,1.94625,140,1.29544,2.74014,375.25,9.98937,0.756211,1.7819,1.5124,4.24737,3.72548,0.00175947,3.4998,4.86696,1.17044,0.828916
0.000107487,0.120233,0.00146952,158.83,0.303608,2.66698,2.75415,0.155579,0.657293,35.1922,0.0293896,0.513566,2.70359,0.00712147,0.0988614,0.181844,81.9,0.444134,5.654,1.15002,0.231275,0.60815,23.2535,3.10021,1.24666,7.18504,0.580352,3.37915,0.924604,3.62292,154,2.97728,2.66115,344.501,8.3218,1.01979,3.12937,2.49918,10.7149,3.35195,0.00117156,4.46096,5.97933,1.71862,0.906463
0.00014291,0.114936,0.00184883,177.211,0.332716,2.58153,2.46552,0.188758,0.632601,26.232,0.0245462,0.570707,2.42888,0.00381508,0.0462913,0.100833,94.1467,0.304154,5.4251,1.8565,0.341065,0.622539,23.9453,1.54288,1.05175,12.0706,0.463638,5.50825,0.90705,3.54838,181,1.1413,1.4993,465.216,9.62933,0.903591,3.53635,1.81208,10.4087,3.72157,0.000575048,6.17253,5.92629,1.49363,0.742539
0.000123044,0.10942,0.00156321,155.192,0.336532,2.4327,2.93435,0.171239,0.427857,21.9932,0.0247479,0.505881,3.84059,0.00414575,0.0499448,0.0973443,113.012,0.407066,5.08958,1.96582,0.258629,0.457557,35.4972,3.22302,0.852984,8.98847,0.483393,4.53408,0.983943,4.19549,184,1.14839,2.11246,467.906,9.5068,0.884278,4.08353,1.86475,7.73672,3.60552,0.000870441,7.29699,6.59068,1.79313,0.646997
0.000110405,0.0884407,0.00139133,144.103,0.339981,3.0198,2.64175,0.22494,0.665493,27.8671,0.0256064,0.494202,3.52931,0.00736169,0.0945251,0.118553,99.2467,0.442389,4.79833,1.37384,0.192442,0.57719,21.0872,2.48471,1.03236,6.25891,0.707025,2.1051,0.891183,2.99845,184,3.33521,1.39748,330.666,9.28773,1.33339,4.36228,1.65616,5.32756,2.88313,0.000552437,4.22519,5.70654,1.50874,0.881335
0.000102158,0.0845676,0.00132834,153.863,0.286336,2.98964,2.24896,0.317715,0.67181,22.8378,0.0236266,0.613032,3.49742,0.00569265,0.0888262,0.122612,114.487,0.439039,6.33223,1.62414,0.221862,0.727213,25.4738,2.60985,0.809571,9.78162,0.464488,5.66532,0.915944,2.52401,137,1.08045,1.04778,393.44,7.05258,1.07147,2.93424,2.49218,9.10732,1.72898,0.00187399,3.46322,5.69676,1.12935,0.978456
0.000137759,0.0854721,0.0021598,175.027,0.230808,2.79116,2.66458,0.169723,0.745793,16.7619,0.0182339,0.58834,2.76239,0.0058709,0.088309,0.14784,115.931,0.431888,5.36053,1.59478,0.298794,0.704395,18.4603,2.45172,1.09837,9.25279,0.418809,6.06885,0.922097,5.4404,148,3.11071,1.34343,445.266,6.80698,1.17403,4.06504,1.58069,6.54803,2.53372,0.00063538,6.16921,4.57883,1.35071,0.664649
0.000148836,0.110282,0.00196236,176.747,0.307521,2.92715,2.91597,0.192936,0.635958,27.3723,0.0185663,0.551462,2.30022,0.00449075,0.0582235,0.182517,87.402,0.479227,5.12129,1.63604,0.138934,0.505191,21.6384,1.39865,1.13319,10.4145,0.383627,6.78045,0.860468,3.60645,114,1.05136,1.69989,487.292,6.78609,0.643765,3.12426,2.1485,7.92169,2.94552,0.00117132,8.63785,3.46917,1.3142,0.793171
0.00013999,0.113401,0.000922526,144.974,0.26872,2.73637,2.68366,0.183933,0.325371,27.362,0.0301392,0.732807,3.3253,0.00653154,0.0751642,0.147456,84.7799,0.436707,6.08391,1.47739,0.221264,0.469081,15.6464,1.4189,1.12548,11.9978,0.503528,3.93311,0.797184,5.36599,187,2.96654,3.32689,354.268,6.49974,1.13668,1.56891,2.18909,7.13175,3.86679,0.0015222,3.15836,6.82795,1.18553,0.632516
8.46E-05,0.0932682,0.00104082,165.006,0.233222,2.77758,2.85551,0.241725,0.635107,27.0985,0.0225989,0.519291,4.26769,0.00681019,0.0678597,0.118898,108.188,0.488979,3.71908,1.8288,0.329773,0.722659,12.7021,2.63501,1.10093,6.02424,0.44077,4.95671,1.0234,3.96728,128,1.66513,2.68112,365.341,9.66749,1.43507,3.25108,2.3668,4.40395,3.18805,0.00139282,4.06968,4.17941,1.23584,0.903361
9.03E-05,0.0805972,0.00124064,134.15,0.254179,2.92812,2.84111,0.128363,0.312953,23.274,0.0257267,0.443089,3.99057,0.00637045,0.0847628,0.105785,110.965,0.368475,6.07682,1.28032,0.184359,0.72886,24.0704,2.1084,1.16849,8.89219,0.463062,4.70716,1.0269,4.67308,185,2.42021,3.63066,456.624,6.41788,0.795282,3.11024,2.46153,7.20822,3.69281,0.000882685,4.94993,6.03475,1.81023,0.531382
9.46E-05,0.0969203,0.00131868,173.763,0.250911,2.43894,2.68771,0.183356,0.467861,22.9106,0.0252738,0.6487,2.72133,0.00475337,0.0674089,0.114746,100.743,0.490388,3.80901,2.00486,0.24032,0.511332,16.5128,1.71055,0.686737,4.87187,0.423861,7.90872,0.95889,3.20898,150,1.49181,3.02402,467.225,9.19363,1.2441,3.90759,1.67825,7.55137,3.93374,0.000757166,5.79859,4.83172,1.54132,0.726198
0.000137415,0.0711592,0.00200931,143.02,0.268766,2.71385,2.876,0.176595,0.434875,30.4465,0.0217812,0.474511,3.51031,0.00619045,0.0944169,0.0994641,92.2561,0.364984,5.36449,1.50325,0.172997,0.291259,16.047,2.0536,0.793114,8.80258,0.397242,6.60316,0.932034,3.70047,183,1.1588,1.61036,314.5,7.53965,1.0326,2.64531,2.43075,7.42088,1.69757,0.000762311,3.38039,7.60414,1.61799,0.855093
0.000142585,0.0699789,0.00209529,143.535,0.234702,2.44933,2.71704,0.269788,0.714073,13.5767,0.025749,0.531371,4.27376,0.00595893,0.0703884,0.159931,96.1446,0.501714,6.73707,1.50066,0.256308,0.43502,22.8723,1.54368,1.08279,12.0326,0.407253,7.9084,0.991495,2.52194,186,1.66201,3.24786,400.73,7.37592,1.12921,3.97209,2.23195,6.17945,4.36662,0.000730554,5.53231,5.31944,1.05525,0.584806
0.00015299,0.0939849,0.00182773,184.803,0.311753,2.76402,2.70308,0.213568,0.523051,30.2823,0.0223247,0.607297,3.15305,0.00413358,0.0519499,0.164282,113.964,0.48785,7.20895,1.15401,0.161304,0.281953,29.1878,2.31365,1.21025,6.83471,0.654158,2.5081,0.924358,5.24919,150,1.1102,1.23344,421.202,8.7078,1.16399,3.19157,1.82093,7.23689,2.37941,0.00115286,8.55615,5.98444,1.12614,0.547693
0.000119853,0.107747,0.00202954,172.799,0.248579,2.94645,2.30591,0.216358,0.640398,29.9599,0.0275854,0.624497,3.29055,0.00562809,0.0743874,0.108519,108.856,0.30831,2.63837,2.11201,0.172384,0.397732,14.4989,1.18787,1.26192,11.6653,0.415441,5.63725,0.814871,5.42956,172,1.10304,2.10521,492.937,6.67097,1.24915,2.6187,2.0699,6.73347,2.52289,0.00162194,3.44826,5.46262,1.76512,0.569241
0.000109786,0.0964062,0.00133214,134.913,0.178128,2.75728,2.85058,0.176865,0.735068,24.3376,0.0312268,0.649603,2.06185,0.00672139,0.0880929,0.180353,86.5686,0.517677,3.72431,1.93471,0.202881,0.503247,22.9265,1.99889,1.23596,6.27798,0.541607,4.91348,0.845264,5.39073,184,2.37286,2.2452,427.19,8.28396,1.26032,2.49708,2.32943,11.7172,1.93016,0.0011197,5.4437,7.97403,1.91286,0.65213
7.06E-05,0.0768971,0.00103957,141.587,0.256023,2.78479,2.9625,0.238062,0.349974,24.6057,0.0271002,0.490655,3.63739,0.00682336,0.090032,0.172152,87.361,0.455665,3.72612,1.35894,0.264533,0.693819,37.1894,2.26019,1.24069,10.5751,0.426541,7.97779,0.985916,3.74527,184,2.84084,2.02062,487.049,9.7001,1.46798,2.91503,2.17302,5.07297,3.16316,0.000875394,8.09613,3.5655,1.24406,0.529456
0.000104817,0.103632,0.00109981,160.283,0.282147,2.92678,2.79754,0.220359,0.714709,35.7749,0.0304591,0.64171,1.61865,0.00615351,0.088006,0.0964085,109.238,0.320552,4.21542,2.62502,0.209761,0.29351,32.4124,2.26112,0.80673,11.7768,0.433003,5.30963,0.862155,4.7464,187,2.94001,3.50123,407.123,7.41704,0.870419,1.58912,2.3731,10.5887,2.55079,0.00147861,7.01805,4.56993,1.9253,0.807501
0.000148633,0.115058,0.000934194,175.744,0.337693,2.93021,2.73515,0.148144,0.517778,30.4611,0.0290581,0.68145,2.98412,0.0050313,0.0616976,0.164891,104.966,0.466684,4.23457,1.48721,0.159644,0.333444,19.0644,3.36434,1.19923,12.8103,0.508855,4.97921,0.976104,5.28574,118,2.28376,1.91745,320.066,7.41874,1.33797,2.84758,1.71186,9.62835,3.36374,0.00161389,4.38228,6.64794,1.54714,0.579449
0.000143401,0.0780591,0.00197644,171.828,0.22866,2.33495,2.39753,0.362711,0.63532,24.2072,0.0229965,0.741542,3.67754,0.00649292,0.0822582,0.108134,103.002,0.326483,4.06582,1.65864,0.362215,0.330126,12.7786,1.92106,1.23783,12.632,0.474025,5.94566,0.950048,4.33908,136,3.92804,1.48826,463.605,6.87379,1.41124,2.34276,2.33163,7.67616,2.86439,0.00160585,7.34611,3.14859,1.59546,0.678589
9.90E-05,0.106301,0.0010446,196.326,0.297198,2.33657,2.89505,0.257949,0.388402,19.8174,0.0293537,0.674608,4.0368,0.0037704,0.0445789,0.14253,112.294,0.495794,7.20132,1.14507,0.293446,0.555115,25.497,2.72767,0.993632,11.1381,0.410998,5.86255,1.01391,4.96716,198,3.45107,2.20353,349.109,9.3468,1.28464,2.1769,2.24746,5.31787,2.36128,0.00165136,3.70611,6.35758,1.58638,0.665971
0.000132918,0.080558,0.00196728,164.217,0.358166,2.44618,2.67124,0.227869,0.480243,33.3238,0.0249181,0.509006,3.09202,0.00678839,0.0786035,0.144172,104.932,0.437921,3.42518,1.71186,0.353065,0.731081,18.3953,1.90732,1.11315,5.0455,0.453105,7.22436,0.927943,4.8141,126,2.84705,3.53965,494.316,6.50204,1.22303,2.513,1.901,5.41582,3.7523,0.00127343,3.71257,6.95645,1.59995,0.677965
0.000113993,0.0787155,0.00149985,184.829,0.442746,2.4503,2.32097,0.295514,0.667931,32.6867,0.0229541,0.576001,3.22037,0.00685709,0.0923436,0.121465,108.708,0.489181,5.49128,1.16517,0.254069,0.539761,26.2628,3.28772,1.02977,9.43545,0.506233,4.21033,0.912746,5.12941,183,1.14917,2.84307,304.204,8.94106,0.917207,1.93415,1.93218,5.40366,3.32652,0.00188725,4.7906,4.36171,1.27277,0.604124
0.00012036,0.0755357,0.0018048,133.969,0.197778,2.82677,2.55928,0.238386,0.735761,15.3634,0.0258924,0.532865,3.71206,0.00795388,0.0998001,0.135369,117.359,0.43982,3.27284,1.84644,0.34039,0.722139,34.2751,1.93321,1.21494,10.1356,0.479858,7.33002,0.828906,4.45072,149,3.31688,1.98942,365.967,8.99842,0.752772,4.36888,1.90618,9.41284,2.38389,0.0012643,7.15217,3.6384,1.48218,0.533158
0.000116031,0.109493,0.00142386,175.893,0.242235,2.41094,2.70211,0.160479,0.583591,30.2827,0.0270395,0.629627,2.52987,0.0074006,0.088724,0.171055,102.708,0.396101,4.18652,2.02113,0.242889,0.304102,31.0538,1.93826,1.27835,6.21602,0.739194,2.38078,0.910269,4.73097,136,1.69083,1.89581,313.842,7.8146,0.96182,3.78386,1.85212,11.4758,2.52115,0.000778132,6.99428,6.85641,1.7649,0.757799
0.000124889,0.101276,0.00157566,186.659,0.276913,2.71953,2.78193,0.298337,0.722611,35.924,0.0219241,0.676931,2.29405,0.00612505,0.0889193,0.157942,109.256,0.491917,5.02682,1.28404,0.173125,0.396931,28.1555,2.3023,1.26376,9.81312,0.516757,4.31478,0.950778,4.81676,154,3.05701,3.00761,492.438,6.50228,1.33333,2.37173,1.81577,6.57687,1.89755,0.0014452,5.23697,6.05627,1.28617,0.758834
0.000122386,0.106121,0.0018105,189.593,0.347108,2.49902,2.2931,0.16538,0.590865,34.2035,0.0280615,0.56785,3.28325,0.00409002,0.0470713,0.116613,104.168,0.432258,3.69567,2.14565,0.233877,0.744237,26.1718,2.14991,0.968972,6.26214,0.55155,4.73683,0.972601,3.53066,159,2.12138,1.62873,321.987,7.50262,1.00904,1.71866,2.15164,9.32603,2.48705,0.00142354,6.0673,6.9887,1.52299,0.926361
9.74E-05,0.0908908,0.00146856,160.713,0.235713,2.60399,2.65595,0.155777,0.527521,27.1035,0.024526,0.59251,3.77323,0.00485243,0.06117,0.140717,99.3138,0.433062,3.00981,2.43865,0.149163,0.67901,12.7421,2.34018,1.02204,11.7579,0.419572,4.5716,0.886961,4.82818,183,2.43957,2.16043,361.25,8.12964,1.21459,3.43459,2.39931,10.2161,2.1351,0.00179187,3.2477,3.13479,1.09432,0.951755
0.000114106,0.118063,0.00111419,194.257,0.435929,2.53632,2.97344,0.188037,0.680992,30.085,0.0182117,0.529108,3.97043,0.00378889,0.0502155,0.134516,117.729,0.379297,3.18886,1.87322,0.176761,0.62416,25.4981,2.44827,1.27843,8.0362,0.73731,1.70936,0.801324,3.75485,126,3.80204,2.01007,491.238,6.44535,1.01146,3.69819,2.18615,4.96624,4.29517,0.00126594,4.14876,6.23097,1.31721,0.666988
